Workbook

Sheet Invoices
A1: Invoice No | B1: Vendor | C1: Invoice Date | D1: Amount (INR) | E1: Terms | F1: Due Date | G1: Paid Date | H1: Status | I1: PO Number | J1: Days To Pay
A2: QA-2025-01 | B2: Quartz Analytics | C2: 45931 | D2: 60000 | E2: Net 30 | F2: 45961 | G2: 45962 | H2: Paid | I2: PO-4100 | J2: =IF(G2="","",G2-C2)
A3: CL-2025-01 | B3: Cedar Logistics | C3: 45932 | D3: 40000 | E3: Net 30 | F3: 45962 | G3: 45962 | H3: Paid | I3: PO-4107 | J3: =IF(G3="","",G3-C3)
A4: FM-2025-01 | B4: Falcon Media | C4: 45933 | D4: 80000 | E4: Net 30 | F4: 45963 | G4: 45966 | H4: Paid | I4: PO-4114 | J4: =IF(G4="","",G4-C4)
A5: KF-2025-01 | B5: Kestrel Finance | C5: 45934 | D5: 70000 | E5: Net 30 | F5: 45964 | G5: 45963 | H5: Paid | I5: PO-4121 | J5: =IF(G5="","",G5-C5)
A6: GB-2025-01 | B6: Granite Builders | C6: 45935 | D6: 50000 | E6: Net 30 | F6: 45965 | G6: 45965 | H6: Paid | I6: PO-4128 | J6: =IF(G6="","",G6-C6)
A7: OH-2025-01 | B7: Orchid Hotels | C7: 45936 | D7: 30000 | E7: Net 30 | F7: 45966 | G7: 45961 | H7: Paid | I7: PO-4135 | J7: =IF(G7="","",G7-C7)
A8: LE-2025-01 | B8: Lotus Education | C8: 45937 | D8: 39200 | E8: Net 30 | F8: 45967 | G8: 45962 | H8: Paid | I8: PO-4142 | J8: =IF(G8="","",G8-C8)
A9: ME-2025-01 | B9: Meridian Energy | C9: 45938 | D9: 61500 | E9: Net 30 | F9: 45968 | G9: 45966 | H9: Paid | I9: PO-4149 | J9: =IF(G9="","",G9-C9)
A10: IT-2025-01 | B10: Indigo Textiles | C10: 45939 | D10: 31500 | E10: Net 30 | F10: 45969 | G10: 45969 | H10: Paid | I10: PO-4156 | J10: =IF(G10="","",G10-C10)
A11: HT-2025-01 | B11: Horizon Travel | C11: 45940 | D11: 50000 | E11: Net 30 | F11: 45970 | G11: 45969 | H11: Paid | I11: PO-4163 | J11: =IF(G11="","",G11-C11)
A12: JH-2025-01 | B12: Juniper Health | C12: 45941 | D12: 70000 | E12: Net 30 | F12: 45971 | H12: Overdue | I12: PO-4170 | J12: =IF(G12="","",G12-C12)
A13: SJ-2025-01 | B13: Sapphire Jewels | C13: 45942 | D13: 31500 | E13: Net 30 | F13: 45972 | G13: 45975 | H13: Paid | I13: PO-4177 | J13: =IF(G13="","",G13-C13)
A14: QA-2025-02 | B14: Quartz Analytics | C14: 45961 | D14: 60000 | E14: Net 30 | F14: 45991 | G14: 45994 | H14: Paid | I14: PO-4100 | J14: =IF(G14="","",G14-C14)
A15: CL-2025-02 | B15: Cedar Logistics | C15: 45962 | D15: 41500 | E15: Net 30 | F15: 45992 | G15: 45990 | H15: Paid | I15: PO-4107 | J15: =IF(G15="","",G15-C15)
A16: FM-2025-02 | B16: Falcon Media | C16: 45963 | D16: 80000 | E16: Net 30 | F16: 45993 | G16: 45991 | H16: Paid | I16: PO-4114 | J16: =IF(G16="","",G16-C16)
A17: KF-2025-02 | B17: Kestrel Finance | C17: 45964 | D17: 71500 | E17: Net 30 | F17: 45994 | G17: 45993 | H17: Paid | I17: PO-4121 | J17: =IF(G17="","",G17-C17)
A18: GB-2025-02 | B18: Granite Builders | C18: 45965 | D18: 50000 | E18: Net 30 | F18: 45995 | G18: 45998 | H18: Paid | I18: PO-4128 | J18: =IF(G18="","",G18-C18)
A19: OH-2025-02 | B19: Orchid Hotels | C19: 45966 | D19: 29200 | E19: Net 30 | F19: 45996 | G19: 45995 | H19: Paid | I19: PO-4135 | J19: =IF(G19="","",G19-C19)
A20: LE-2025-02 | B20: Lotus Education | C20: 45967 | D20: 41500 | E20: Net 30 | F20: 45997 | G20: 45998 | H20: Paid | I20: PO-4142 | J20: =IF(G20="","",G20-C20)
A21: ME-2025-02 | B21: Meridian Energy | C21: 45968 | D21: 60000 | E21: Net 30 | F21: 45998 | G21: 45993 | H21: Paid | I21: PO-4149 | J21: =IF(G21="","",G21-C21)
A22: IT-2025-02 | B22: Indigo Textiles | C22: 45969 | D22: 30000 | E22: Net 30 | F22: 45999 | G22: 45997 | H22: Paid | I22: PO-4156 | J22: =IF(G22="","",G22-C22)
A23: HT-2025-02 | B23: Horizon Travel | C23: 45970 | D23: 49200 | E23: Net 30 | F23: 46000 | H23: Overdue | I23: PO-4163 | J23: =IF(G23="","",G23-C23)
A24: JH-2025-02 | B24: Juniper Health | C24: 45971 | D24: 70000 | E24: Net 30 | F24: 46001 | G24: 46000 | H24: Paid | I24: PO-4170 | J24: =IF(G24="","",G24-C24)
A25: SJ-2025-02 | B25: Sapphire Jewels | C25: 45972 | D25: 29200 | E25: Net 30 | F25: 46002 | G25: 46000 | H25: Paid | I25: PO-4177 | J25: =IF(G25="","",G25-C25)
A26: QA-2025-03 | B26: Quartz Analytics | C26: 45991 | D26: 59200 | E26: Net 30 | F26: 46021 | G26: 46024 | H26: Paid | I26: PO-4100 | J26: =IF(G26="","",G26-C26)
A27: CL-2025-03 | B27: Cedar Logistics | C27: 45992 | D27: 40000 | E27: Net 30 | F27: 46022 | G27: 46020 | H27: Paid | I27: PO-4107 | J27: =IF(G27="","",G27-C27)
A28: FM-2025-03 | B28: Falcon Media | C28: 45993 | D28: 80000 | E28: Net 30 | F28: 46023 | G28: 46023 | H28: Paid | I28: PO-4114 | J28: =IF(G28="","",G28-C28)
A29: KF-2025-03 | B29: Kestrel Finance | C29: 45994 | D29: 70000 | E29: Net 30 | F29: 46024 | G29: 46027 | H29: Paid | I29: PO-4121 | J29: =IF(G29="","",G29-C29)
A30: GB-2025-03 | B30: Granite Builders | C30: 45995 | D30: 50000 | E30: Net 30 | F30: 46025 | G30: 46026 | H30: Paid | I30: PO-4128 | J30: =IF(G30="","",G30-C30)
A31: OH-2025-03 | B31: Orchid Hotels | C31: 45996 | D31: 30000 | E31: Net 30 | F31: 46026 | G31: 46027 | H31: Paid | I31: PO-4135 | J31: =IF(G31="","",G31-C31)
A32: LE-2025-03 | B32: Lotus Education | C32: 45997 | D32: 40000 | E32: Net 30 | F32: 46027 | G32: 46022 | H32: Paid | I32: PO-4142 | J32: =IF(G32="","",G32-C32)
A33: ME-2025-03 | B33: Meridian Energy | C33: 45998 | D33: 60000 | E33: Net 30 | F33: 46028 | G33: 46028 | H33: Paid | I33: PO-4149 | J33: =IF(G33="","",G33-C33)
A34: IT-2025-03 | B34: Indigo Textiles | C34: 45999 | D34: 31500 | E34: Net 30 | F34: 46029 | H34: Overdue | I34: PO-4156 | J34: =IF(G34="","",G34-C34)
A35: HT-2025-03 | B35: Horizon Travel | C35: 46000 | D35: 50000 | E35: Net 30 | F35: 46030 | G35: 46033 | H35: Paid | I35: PO-4163 | J35: =IF(G35="","",G35-C35)
A36: JH-2025-03 | B36: Juniper Health | C36: 46001 | D36: 70000 | E36: Net 30 | F36: 46031 | G36: 46034 | H36: Paid | I36: PO-4170 | J36: =IF(G36="","",G36-C36)
A37: SJ-2025-03 | B37: Sapphire Jewels | C37: 46002 | D37: 29200 | E37: Net 30 | F37: 46032 | G37: 46033 | H37: Paid | I37: PO-4177 | J37: =IF(G37="","",G37-C37)
A38: QA-2025-04 | B38: Quartz Analytics | C38: 46021 | D38: 61500 | E38: Net 30 | F38: 46051 | G38: 46046 | H38: Paid | I38: PO-4100 | J38: =IF(G38="","",G38-C38)
A39: CL-2025-04 | B39: Cedar Logistics | C39: 46022 | D39: 39200 | E39: Net 30 | F39: 46052 | G39: 46050 | H39: Paid | I39: PO-4107 | J39: =IF(G39="","",G39-C39)
A40: FM-2026-04 | B40: Falcon Media | C40: 46023 | D40: 80000 | E40: Net 30 | F40: 46053 | G40: 46048 | H40: Paid | I40: PO-4114 | J40: =IF(G40="","",G40-C40)
A41: KF-2026-04 | B41: Kestrel Finance | C41: 46024 | D41: 71500 | E41: Net 30 | F41: 46054 | G41: 46052 | H41: Paid | I41: PO-4121 | J41: =IF(G41="","",G41-C41)
A42: GB-2026-04 | B42: Granite Builders | C42: 46025 | D42: 50000 | E42: Net 30 | F42: 46055 | G42: 46050 | H42: Paid | I42: PO-4128 | J42: =IF(G42="","",G42-C42)
A43: OH-2026-04 | B43: Orchid Hotels | C43: 46026 | D43: 30000 | E43: Net 30 | F43: 46056 | G43: 46054 | H43: Paid | I43: PO-4135 | J43: =IF(G43="","",G43-C43)
A44: LE-2026-04 | B44: Lotus Education | C44: 46027 | D44: 39200 | E44: Net 30 | F44: 46057 | G44: 46060 | H44: Paid | I44: PO-4142 | J44: =IF(G44="","",G44-C44)
A45: ME-2026-04 | B45: Meridian Energy | C45: 46028 | D45: 60000 | E45: Net 30 | F45: 46058 | H45: Overdue | I45: PO-4149 | J45: =IF(G45="","",G45-C45)
A46: IT-2026-04 | B46: Indigo Textiles | C46: 46029 | D46: 30000 | E46: Net 30 | F46: 46059 | G46: 46060 | H46: Paid | I46: PO-4156 | J46: =IF(G46="","",G46-C46)
A47: HT-2026-04 | B47: Horizon Travel | C47: 46030 | D47: 50000 | E47: Net 30 | F47: 46060 | G47: 46060 | H47: Paid | I47: PO-4163 | J47: =IF(G47="","",G47-C47)
A48: JH-2026-04 | B48: Juniper Health | C48: 46031 | D48: 71500 | E48: Net 30 | F48: 46061 | G48: 46064 | H48: Paid | I48: PO-4170 | J48: =IF(G48="","",G48-C48)
A49: SJ-2026-04 | B49: Sapphire Jewels | C49: 46032 | D49: 31500 | E49: Net 30 | F49: 46062 | G49: 46065 | H49: Paid | I49: PO-4177 | J49: =IF(G49="","",G49-C49)
A50: QA-2026-05 | B50: Quartz Analytics | C50: 46051 | D50: 60000 | E50: Net 30 | F50: 46081 | G50: 46079 | H50: Paid | I50: PO-4100 | J50: =IF(G50="","",G50-C50)
A51: CL-2026-05 | B51: Cedar Logistics | C51: 46052 | D51: 41500 | E51: Net 30 | F51: 46082 | G51: 46083 | H51: Paid | I51: PO-4107 | J51: =IF(G51="","",G51-C51)
A52: FM-2026-05 | B52: Falcon Media | C52: 46053 | D52: 80000 | E52: Net 30 | F52: 46083 | G52: 46083 | H52: Paid | I52: PO-4114 | J52: =IF(G52="","",G52-C52)
A53: KF-2026-05 | B53: Kestrel Finance | C53: 46054 | D53: 70000 | E53: Net 30 | F53: 46084 | G53: 46084 | H53: Paid | I53: PO-4121 | J53: =IF(G53="","",G53-C53)
A54: GB-2026-05 | B54: Granite Builders | C54: 46055 | D54: 50000 | E54: Net 30 | F54: 46085 | G54: 46085 | H54: Paid | I54: PO-4128 | J54: =IF(G54="","",G54-C54)
A55: OH-2026-05 | B55: Orchid Hotels | C55: 46056 | D55: 29200 | E55: Net 30 | F55: 46086 | G55: 46085 | H55: Paid | I55: PO-4135 | J55: =IF(G55="","",G55-C55)
A56: LE-2026-05 | B56: Lotus Education | C56: 46057 | D56: 40000 | E56: Net 30 | F56: 46087 | H56: Overdue | I56: PO-4142 | J56: =IF(G56="","",G56-C56)
A57: ME-2026-05 | B57: Meridian Energy | C57: 46058 | D57: 61500 | E57: Net 30 | F57: 46088 | G57: 46083 | H57: Paid | I57: PO-4149 | J57: =IF(G57="","",G57-C57)
A58: IT-2026-05 | B58: Indigo Textiles | C58: 46059 | D58: 31500 | E58: Net 30 | F58: 46089 | G58: 46092 | H58: Paid | I58: PO-4156 | J58: =IF(G58="","",G58-C58)
A59: HT-2026-05 | B59: Horizon Travel | C59: 46060 | D59: 50000 | E59: Net 30 | F59: 46090 | G59: 46093 | H59: Paid | I59: PO-4163 | J59: =IF(G59="","",G59-C59)
A60: JH-2026-05 | B60: Juniper Health | C60: 46061 | D60: 70000 | E60: Net 30 | F60: 46091 | G60: 46090 | H60: Paid | I60: PO-4170 | J60: =IF(G60="","",G60-C60)
A61: SJ-2026-05 | B61: Sapphire Jewels | C61: 46062 | D61: 29200 | E61: Net 30 | F61: 46092 | G61: 46091 | H61: Paid | I61: PO-4177 | J61: =IF(G61="","",G61-C61)
A62: QA-2026-06 | B62: Quartz Analytics | C62: 46081 | D62: 60000 | E62: Net 30 | F62: 46111 | G62: 46109 | H62: Paid | I62: PO-4100 | J62: =IF(G62="","",G62-C62)
A63: CL-2026-06 | B63: Cedar Logistics | C63: 46082 | D63: 40000 | E63: Net 30 | F63: 46112 | G63: 46110 | H63: Paid | I63: PO-4107 | J63: =IF(G63="","",G63-C63)
A64: FM-2026-06 | B64: Falcon Media | C64: 46083 | D64: 80000 | E64: Net 30 | F64: 46113 | G64: 46111 | H64: Paid | I64: PO-4114 | J64: =IF(G64="","",G64-C64)
A65: KF-2026-06 | B65: Kestrel Finance | C65: 46084 | D65: 70000 | E65: Net 30 | F65: 46114 | G65: 46109 | H65: Paid | I65: PO-4121 | J65: =IF(G65="","",G65-C65)
A66: GB-2026-06 | B66: Granite Builders | C66: 46085 | D66: 50000 | E66: Net 30 | F66: 46115 | G66: 46116 | H66: Paid | I66: PO-4128 | J66: =IF(G66="","",G66-C66)
A67: OH-2026-06 | B67: Orchid Hotels | C67: 46086 | D67: 30000 | E67: Net 30 | F67: 46116 | H67: Overdue | I67: PO-4135 | J67: =IF(G67="","",G67-C67)
A68: LE-2026-06 | B68: Lotus Education | C68: 46087 | D68: 41500 | E68: Net 30 | F68: 46117 | G68: 46116 | H68: Paid | I68: PO-4142 | J68: =IF(G68="","",G68-C68)
A69: ME-2026-06 | B69: Meridian Energy | C69: 46088 | D69: 60000 | E69: Net 30 | F69: 46118 | G69: 46117 | H69: Paid | I69: PO-4149 | J69: =IF(G69="","",G69-C69)
A70: IT-2026-06 | B70: Indigo Textiles | C70: 46089 | D70: 30000 | E70: Net 30 | F70: 46119 | G70: 46118 | H70: Paid | I70: PO-4156 | J70: =IF(G70="","",G70-C70)
A71: HT-2026-06 | B71: Horizon Travel | C71: 46090 | D71: 50000 | E71: Net 30 | F71: 46120 | G71: 46119 | H71: Paid | I71: PO-4163 | J71: =IF(G71="","",G71-C71)
A72: JH-2026-06 | B72: Juniper Health | C72: 46091 | D72: 71500 | E72: Net 30 | F72: 46121 | G72: 46124 | H72: Paid | I72: PO-4170 | J72: =IF(G72="","",G72-C72)
A73: SJ-2026-06 | B73: Sapphire Jewels | C73: 46092 | D73: 30000 | E73: Net 30 | F73: 46122 | G73: 46123 | H73: Paid | I73: PO-4177 | J73: =IF(G73="","",G73-C73)
A74: QA-2026-07 | B74: Quartz Analytics | C74: 46111 | D74: 61500 | E74: Net 30 | F74: 46141 | G74: 46140 | H74: Paid | I74: PO-4100 | J74: =IF(G74="","",G74-C74)
A75: CL-2026-07 | B75: Cedar Logistics | C75: 46112 | D75: 40000 | E75: Net 30 | F75: 46142 | G75: 46137 | H75: Paid | I75: PO-4107 | J75: =IF(G75="","",G75-C75)
A76: FM-2026-07 | B76: Falcon Media | C76: 46113 | D76: 80000 | E76: Net 30 | F76: 46143 | G76: 46138 | H76: Paid | I76: PO-4114 | J76: =IF(G76="","",G76-C76)
A77: KF-2026-07 | B77: Kestrel Finance | C77: 46114 | D77: 70000 | E77: Net 30 | F77: 46144 | G77: 46139 | H77: Paid | I77: PO-4121 | J77: =IF(G77="","",G77-C77)
A78: GB-2026-07 | B78: Granite Builders | C78: 46115 | D78: 49200 | E78: Net 30 | F78: 46145 | H78: Overdue | I78: PO-4128 | J78: =IF(G78="","",G78-C78)
A79: OH-2026-07 | B79: Orchid Hotels | C79: 46116 | D79: 30000 | E79: Net 30 | F79: 46146 | G79: 46145 | H79: Paid | I79: PO-4135 | J79: =IF(G79="","",G79-C79)
A80: NS-2026-01 | B80: Nimbus Software | C80: 46117 | D80: 300000 | E80: Net 45 | F80: 46162 | G80: 46160 | H80: Paid | I80: PO-4481 | J80: =IF(G80="","",G80-C80)
A81: LE-2026-07 | B81: Lotus Education | C81: 46117 | D81: 41500 | E81: Net 30 | F81: 46147 | G81: 46150 | H81: Paid | I81: PO-4142 | J81: =IF(G81="","",G81-C81)
A82: ME-2026-07 | B82: Meridian Energy | C82: 46118 | D82: 59200 | E82: Net 30 | F82: 46148 | G82: 46148 | H82: Paid | I82: PO-4149 | J82: =IF(G82="","",G82-C82)
A83: IT-2026-07 | B83: Indigo Textiles | C83: 46119 | D83: 31500 | E83: Net 30 | F83: 46149 | G83: 46144 | H83: Paid | I83: PO-4156 | J83: =IF(G83="","",G83-C83)
A84: HT-2026-07 | B84: Horizon Travel | C84: 46120 | D84: 50000 | E84: Net 30 | F84: 46150 | G84: 46151 | H84: Paid | I84: PO-4163 | J84: =IF(G84="","",G84-C84)
A85: JH-2026-07 | B85: Juniper Health | C85: 46121 | D85: 70000 | E85: Net 30 | F85: 46151 | G85: 46150 | H85: Paid | I85: PO-4170 | J85: =IF(G85="","",G85-C85)
A86: SJ-2026-07 | B86: Sapphire Jewels | C86: 46122 | D86: 30000 | E86: Net 30 | F86: 46152 | G86: 46155 | H86: Paid | I86: PO-4177 | J86: =IF(G86="","",G86-C86)
A87: QA-2026-08 | B87: Quartz Analytics | C87: 46141 | D87: 61500 | E87: Net 30 | F87: 46171 | G87: 46169 | H87: Paid | I87: PO-4100 | J87: =IF(G87="","",G87-C87)
A88: CL-2026-08 | B88: Cedar Logistics | C88: 46142 | D88: 40000 | E88: Net 30 | F88: 46172 | G88: 46170 | H88: Paid | I88: PO-4107 | J88: =IF(G88="","",G88-C88)
A89: FM-2026-08 | B89: Falcon Media | C89: 46143 | D89: 79200 | E89: Net 30 | F89: 46173 | G89: 46172 | H89: Paid | I89: PO-4114 | J89: =IF(G89="","",G89-C89)
A90: KF-2026-08 | B90: Kestrel Finance | C90: 46144 | D90: 71500 | E90: Net 30 | F90: 46174 | H90: Overdue | I90: PO-4121 | J90: =IF(G90="","",G90-C90)
A91: GB-2026-08 | B91: Granite Builders | C91: 46145 | D91: 51500 | E91: Net 30 | F91: 46175 | G91: 46174 | H91: Paid | I91: PO-4128 | J91: =IF(G91="","",G91-C91)
A92: OH-2026-08 | B92: Orchid Hotels | C92: 46146 | D92: 30000 | E92: Net 30 | F92: 46176 | G92: 46175 | H92: Paid | I92: PO-4135 | J92: =IF(G92="","",G92-C92)
A93: LE-2026-08 | B93: Lotus Education | C93: 46147 | D93: 40000 | E93: Net 30 | F93: 46177 | G93: 46175 | H93: Paid | I93: PO-4142 | J93: =IF(G93="","",G93-C93)
A94: ME-2026-08 | B94: Meridian Energy | C94: 46148 | D94: 59200 | E94: Net 30 | F94: 46178 | G94: 46176 | H94: Paid | I94: PO-4149 | J94: =IF(G94="","",G94-C94)
A95: IT-2026-08 | B95: Indigo Textiles | C95: 46149 | D95: 29200 | E95: Net 30 | F95: 46179 | G95: 46178 | H95: Paid | I95: PO-4156 | J95: =IF(G95="","",G95-C95)
A96: HT-2026-08 | B96: Horizon Travel | C96: 46150 | D96: 49200 | E96: Net 30 | F96: 46180 | G96: 46180 | H96: Paid | I96: PO-4163 | J96: =IF(G96="","",G96-C96)
A97: JH-2026-08 | B97: Juniper Health | C97: 46151 | D97: 70000 | E97: Net 30 | F97: 46181 | G97: 46182 | H97: Paid | I97: PO-4170 | J97: =IF(G97="","",G97-C97)
A98: SJ-2026-08 | B98: Sapphire Jewels | C98: 46152 | D98: 30000 | E98: Net 30 | F98: 46182 | G98: 46180 | H98: Paid | I98: PO-4177 | J98: =IF(G98="","",G98-C98)
A99: QA-2026-09 | B99: Quartz Analytics | C99: 46171 | D99: 60000 | E99: Net 30 | F99: 46201 | G99: 46202 | H99: Paid | I99: PO-4100 | J99: =IF(G99="","",G99-C99)
A100: CL-2026-09 | B100: Cedar Logistics | C100: 46172 | D100: 40000 | E100: Net 30 | F100: 46202 | G100: 46200 | H100: Paid | I100: PO-4107 | J100: =IF(G100="","",G100-C100)
...

Sheet Summary
A1: Vendor | B1: Total Invoiced (INR) | C1: Open Amount (INR) | D1: Invoices
A2: Nimbus Software | B2: =SUMIF(Invoices!B:B,A2,Invoices!D:D) | C2: =SUMIFS(Invoices!D:D,Invoices!B:B,A2,Invoices!H:H,"Open") | D2: =COUNTIF(Invoices!B:B,A2)
A3: Quartz Analytics | B3: =SUMIF(Invoices!B:B,A3,Invoices!D:D) | C3: =SUMIFS(Invoices!D:D,Invoices!B:B,A3,Invoices!H:H,"Open") | D3: =COUNTIF(Invoices!B:B,A3)
A4: Cedar Logistics | B4: =SUMIF(Invoices!B:B,A4,Invoices!D:D) | C4: =SUMIFS(Invoices!D:D,Invoices!B:B,A4,Invoices!H:H,"Open") | D4: =COUNTIF(Invoices!B:B,A4)
A5: Falcon Media | B5: =SUMIF(Invoices!B:B,A5,Invoices!D:D) | C5: =SUMIFS(Invoices!D:D,Invoices!B:B,A5,Invoices!H:H,"Open") | D5: =COUNTIF(Invoices!B:B,A5)
A6: Kestrel Finance | B6: =SUMIF(Invoices!B:B,A6,Invoices!D:D) | C6: =SUMIFS(Invoices!D:D,Invoices!B:B,A6,Invoices!H:H,"Open") | D6: =COUNTIF(Invoices!B:B,A6)
A7: Granite Builders | B7: =SUMIF(Invoices!B:B,A7,Invoices!D:D) | C7: =SUMIFS(Invoices!D:D,Invoices!B:B,A7,Invoices!H:H,"Open") | D7: =COUNTIF(Invoices!B:B,A7)
A8: Orchid Hotels | B8: =SUMIF(Invoices!B:B,A8,Invoices!D:D) | C8: =SUMIFS(Invoices!D:D,Invoices!B:B,A8,Invoices!H:H,"Open") | D8: =COUNTIF(Invoices!B:B,A8)
A9: Lotus Education | B9: =SUMIF(Invoices!B:B,A9,Invoices!D:D) | C9: =SUMIFS(Invoices!D:D,Invoices!B:B,A9,Invoices!H:H,"Open") | D9: =COUNTIF(Invoices!B:B,A9)
A10: Meridian Energy | B10: =SUMIF(Invoices!B:B,A10,Invoices!D:D) | C10: =SUMIFS(Invoices!D:D,Invoices!B:B,A10,Invoices!H:H,"Open") | D10: =COUNTIF(Invoices!B:B,A10)
A11: Indigo Textiles | B11: =SUMIF(Invoices!B:B,A11,Invoices!D:D) | C11: =SUMIFS(Invoices!D:D,Invoices!B:B,A11,Invoices!H:H,"Open") | D11: =COUNTIF(Invoices!B:B,A11)
A12: Horizon Travel | B12: =SUMIF(Invoices!B:B,A12,Invoices!D:D) | C12: =SUMIFS(Invoices!D:D,Invoices!B:B,A12,Invoices!H:H,"Open") | D12: =COUNTIF(Invoices!B:B,A12)
A13: Juniper Health | B13: =SUMIF(Invoices!B:B,A13,Invoices!D:D) | C13: =SUMIFS(Invoices!D:D,Invoices!B:B,A13,Invoices!H:H,"Open") | D13: =COUNTIF(Invoices!B:B,A13)
A14: Sapphire Jewels | B14: =SUMIF(Invoices!B:B,A14,Invoices!D:D) | C14: =SUMIFS(Invoices!D:D,Invoices!B:B,A14,Invoices!H:H,"Open") | D14: =COUNTIF(Invoices!B:B,A14)
A15: TOTAL | B15: =SUM(B2:B14) | C15: =SUM(C2:C14) | D15: =SUM(D2:D14)

Sheet Adjustments
A1: Ref | B1: Vendor | C1: Note | D1: Amount (INR)
A2: ADJ-01 | B2: Nimbus Software | C2: Q2 invoice NS-2026-02 uplifted 12.5% for 'additional licences' - no change order on file | D2: 37500
A3: ADJ-02 | B3: Nimbus Software | C3: Late-payment interest waived per verbal agreement with vendor; 2% penalty clause not applied | D3: 0
A4: ADJ-03 | B4: Falcon Media | C4: Disputed - awaiting credit note | D4: -80000
